Study No. 1,Kayser,Romantic,detaché,5,,https://www.youtube.com/watch?v=GMtXF0YdAr8,,,Etude,Kayser - 36 Studies
Study No. 2,Kayser,Romantic,legato,5,,https://www.youtube.com/watch?v=MP8Xqtxbig8,,,Etude,Kayser - 36 Studies
Study No. 3,Kayser,Romantic,staccato,5,,,,,Etude,Kayser - 36 Studies
Study No. 4,Kayser,Romantic,"left hand articulation,slurs",5,,,,,Etude,Kayser - 36 Studies
Study No. 5,Kayser,Romantic,staccato,5,,,,,Etude,Kayser - 36 Studies
Study No. 6,Kayser,Romantic,slurs,5,,,,,Etude,Kayser - 36 Studies
Study No. 7,Kayser,Romantic,staccato,5,,,,,Etude,Kayser - 36 Studies
Study No. 8,Kayser,Romantic,"slurs,string crossings",5,,,,,Etude,Kayser - 36 Studies
Study No. 9,Kayser,Romantic,spiccato,5,,,,,Etude,Kayser - 36 Studies
Study No. 10,Kayser,Romantic,arpeggios,5,,,,,Etude,Kayser - 36 Studies
Study No. 11,Kayser,Romantic,spiccato,5,,,,,Etude,Kayser - 36 Studies
Study No. 12,Kayser,Romantic,arpeggios,5,,,,,Etude,Kayser - 36 Studies
Study No. 13,Kayser,Romantic,arpeggios,5,,,,,Etude,Kayser - 36 Studies
Study No. 14,Kayser,Romantic,arpeggios,5,,,,,Etude,Kayser - 36 Studies
Study No. 15,Kayser,Romantic,arpeggios,5,,,,,Etude,Kayser - 36 Studies
Study No. 16,Kayser,Romantic,arpeggios,5,,,,,Etude,Kayser - 36 Studies
Study No. 17,Kayser,Romantic,arpeggios,5,,,,,Etude,Kayser - 36 Studies
Study No. 18,Kayser,Romantic,detaché,5,,,,,Etude,Kayser - 36 Studies
Study No. 19,Kayser,Romantic,arpeggios,5,,,,,Etude,Kayser - 36 Studies
Study No. 20,Kayser,Romantic,detaché,5,,,,,Etude,Kayser - 36 Studies
Study No. 21,Kayser,Romantic,,5,,,,,Etude,Kayser - 36 Studies
Study No. 22,Kayser,Romantic,,5,,,,,Etude,Kayser - 36 Studies
Study No. 23,Kayser,Romantic,,5,,,,,Etude,Kayser - 36 Studies
Study No. 24,Kayser,Romantic,,5,,,,,Etude,Kayser - 36 Studies
Study No. 25,Kayser,Romantic,,5,,,,,Etude,Kayser - 36 Studies
Study No. 26,Kayser,Romantic,,5,,,,,Etude,Kayser - 36 Studies
Study No. 27,Kayser,Romantic,,5,,,,,Etude,Kayser - 36 Studies
Study No. 28,Kayser,Romantic,,5,,,,,Etude,Kayser - 36 Studies
Study No. 29,Kayser,Romantic,,5,,,,,Etude,Kayser - 36 Studies
Study No. 30,Kayser,Romantic,,5,,,,,Etude,Kayser - 36 Studies
Study No. 31,Kayser,Romantic,,5,,,,,Etude,Kayser - 36 Studies
Study No. 32,Kayser,Romantic,,5,,,,,Etude,Kayser - 36 Studies
Study No. 33,Kayser,Romantic,,5,,,,,Etude,Kayser - 36 Studies
Study No. 34,Kayser,Romantic,,5,,,,,Etude,Kayser - 36 Studies
Study No. 35,Kayser,Romantic,,5,,,,,Etude,Kayser - 36 Studies
Study No. 36,Kayser,Romantic,,5,,,,,Etude,Kayser - 36 Studies
Caprice No. 1,Paganini,Romantic,,10,,,,,Etude,Paganini - 24 Caprices
Caprice No. 2,Paganini,Romantic,,10,,,,,Etude,Paganini - 24 Caprices
Caprice No. 3,Paganini,Romantic,,10,,,,,Etude,Paganini - 24 Caprices
Caprice No. 4,Paganini,Romantic,,10,,,,,Etude,Paganini - 24 Caprices
Caprice No. 5,Paganini,Romantic,,10,,,,,Etude,Paganini - 24 Caprices
Caprice No. 6,Paganini,Romantic,,10,,,,,Etude,Paganini - 24 Caprices
Caprice No. 7,Paganini,Romantic,,10,,,,,Etude,Paganini - 24 Caprices
Caprice No. 8,Paganini,Romantic,,10,,,,,Etude,Paganini - 24 Caprices
Caprice No. 9,Paganini,Romantic,,10,,,,,Etude,Paganini - 24 Caprices
Caprice No. 10,Paganini,Romantic,,10,,,,,Etude,Paganini - 24 Caprices
Caprice No. 11,Paganini,Romantic,,10,,,,,Etude,Paganini - 24 Caprices
Caprice No. 12,Paganini,Romantic,,10,,,,,Etude,Paganini - 24 Caprices
Caprice No. 13,Paganini,Romantic,,10,,,,,Etude,Paganini - 24 Caprices
Caprice No. 14,Paganini,Romantic,,10,,,,,Etude,Paganini - 24 Caprices
Caprice No. 15,Paganini,Romantic,,10,,,,,Etude,Paganini - 24 Caprices
Caprice No. 16,Paganini,Romantic,,10,,,,,Etude,Paganini - 24 Caprices
Caprice No. 17,Paganini,Romantic,,10,,,,,Etude,Paganini - 24 Caprices
Caprice No. 18,Paganini,Romantic,,10,,,,,Etude,Paganini - 24 Caprices
Caprice No. 19,Paganini,Romantic,,10,,,,,Etude,Paganini - 24 Caprices
Caprice No. 20,Paganini,Romantic,,10,,,,,Etude,Paganini - 24 Caprices
Caprice No. 21,Paganini,Romantic,,10,,,,,Etude,Paganini - 24 Caprices
Caprice No. 22,Paganini,Romantic,,10,,,,,Etude,Paganini - 24 Caprices
Caprice No. 23,Paganini,Romantic,,10,,,,,Etude,Paganini - 24 Caprices
Caprice No. 24,Paganini,Romantic,,10,,,,,Etude,Paganini - 24 Caprices
Etude No. 1,Kreutzer,Romantic,,6,,,,,Etude,Kreutzer - 42 Etudes
Etude No. 2,Kreutzer,Romantic,,6,,,,,Etude,Kreutzer - 42 Etudes
Etude No. 3,Kreutzer,Romantic,,6,,,,,Etude,Kreutzer - 42 Etudes
Etude No. 4,Kreutzer,Romantic,,6,,,,,Etude,Kreutzer - 42 Etudes
Etude No. 5,Kreutzer,Romantic,,6,,,,,Etude,Kreutzer - 42 Etudes
Etude No. 6,Kreutzer,Romantic,,6,,,,,Etude,Kreutzer - 42 Etudes
Etude No. 7,Kreutzer,Romantic,,6,,,,,Etude,Kreutzer - 42 Etudes
Etude No. 8,Kreutzer,Romantic,,6,,,,,Etude,Kreutzer - 42 Etudes
Etude No. 9,Kreutzer,Romantic,,6,,,,,Etude,Kreutzer - 42 Etudes
Etude No. 10,Kreutzer,Romantic,,6,,,,,Etude,Kreutzer - 42 Etudes
Etude No. 11,Kreutzer,Romantic,,6,,,,,Etude,Kreutzer - 42 Etudes
Etude No. 12,Kreutzer,Romantic,,6,,,,,Etude,Kreutzer - 42 Etudes
Etude No. 13,Kreutzer,Romantic,,6,,,,,Etude,Kreutzer - 42 Etudes
Etude No. 14,Kreutzer,Romantic,,6,,,,,Etude,Kreutzer - 42 Etudes
Etude No. 15,Kreutzer,Romantic,,6,,,,,Etude,Kreutzer - 42 Etudes
Etude No. 16,Kreutzer,Romantic,,6,,,,,Etude,Kreutzer - 42 Etudes
Etude No. 17,Kreutzer,Romantic,,6,,,,,Etude,Kreutzer - 42 Etudes
Etude No. 18,Kreutzer,Romantic,,6,,,,,Etude,Kreutzer - 42 Etudes
Etude No. 19,Kreutzer,Romantic,,6,,,,,Etude,Kreutzer - 42 Etudes
Etude No. 20,Kreutzer,Romantic,,6,,,,,Etude,Kreutzer - 42 Etudes
Etude No. 21,Kreutzer,Romantic,,6,,,,,Etude,Kreutzer - 42 Etudes
Etude No. 22,Kreutzer,Romantic,,6,,,,,Etude,Kreutzer - 42 Etudes
Etude No. 23,Kreutzer,Romantic,,6,,,,,Etude,Kreutzer - 42 Etudes
Etude No. 24,Kreutzer,Romantic,,6,,,,,Etude,Kreutzer - 42 Etudes
Etude No. 25,Kreutzer,Romantic,,6,,,,,Etude,Kreutzer - 42 Etudes
Etude No. 26,Kreutzer,Romantic,,6,,,,,Etude,Kreutzer - 42 Etudes
Etude No. 27,Kreutzer,Romantic,,6,,,,,Etude,Kreutzer - 42 Etudes
Etude No. 28,Kreutzer,Romantic,,6,,,,,Etude,Kreutzer - 42 Etudes
Etude No. 29,Kreutzer,Romantic,,6,,,,,Etude,Kreutzer - 42 Etudes
Etude No. 30,Kreutzer,Romantic,,6,,,,,Etude,Kreutzer - 42 Etudes
Etude No. 31,Kreutzer,Romantic,,6,,,,,Etude,Kreutzer - 42 Etudes
Etude No. 32,Kreutzer,Romantic,,6,,,,,Etude,Kreutzer - 42 Etudes
Etude No. 33,Kreutzer,Romantic,,6,,,,,Etude,Kreutzer - 42 Etudes
Etude No. 34,Kreutzer,Romantic,,6,,,,,Etude,Kreutzer - 42 Etudes
Etude No. 35,Kreutzer,Romantic,,6,,,,,Etude,Kreutzer - 42 Etudes
Etude No. 36,Kreutzer,Romantic,,6,,,,,Etude,Kreutzer - 42 Etudes
Etude No. 37,Kreutzer,Romantic,,6,,,,,Etude,Kreutzer - 42 Etudes
Etude No. 38,Kreutzer,Romantic,,6,,,,,Etude,Kreutzer - 42 Etudes
Etude No. 39,Kreutzer,Romantic,,6,,,,,Etude,Kreutzer - 42 Etudes
Etude No. 40,Kreutzer,Romantic,,6,,,,,Etude,Kreutzer - 42 Etudes
Etude No. 41,Kreutzer,Romantic,,6,,,,,Etude,Kreutzer - 42 Etudes
Etude No. 42,Kreutzer,Romantic,,6,,,,,Etude,Kreutzer - 42 Etudes
Etude No. 1,Dont,Romantic,,7,,,,,Etude,Dont - Etudes and Caprices Op. 35
Etude No. 2,Dont,Romantic,,7,,,,,Etude,Dont - Etudes and Caprices Op. 35
Etude No. 3,Dont,Romantic,,7,,,,,Etude,Dont - Etudes and Caprices Op. 35
Etude No. 4,Dont,Romantic,,7,,,,,Etude,Dont - Etudes and Caprices Op. 35
Etude No. 5,Dont,Romantic,,7,,,,,Etude,Dont - Etudes and Caprices Op. 35
Etude No. 6,Dont,Romantic,,7,,,,,Etude,Dont - Etudes and Caprices Op. 35
Etude No. 7,Dont,Romantic,,7,,,,,Etude,Dont - Etudes and Caprices Op. 35
Etude No. 8,Dont,Romantic,,7,,,,,Etude,Dont - Etudes and Caprices Op. 35
Etude No. 9,Dont,Romantic,,7,,,,,Etude,Dont - Etudes and Caprices Op. 35
Etude No. 10,Dont,Romantic,,7,,,,,Etude,Dont - Etudes and Caprices Op. 35
Etude No. 11,Dont,Romantic,,7,,,,,Etude,Dont - Etudes and Caprices Op. 35
Etude No. 12,Dont,Romantic,,7,,,,,Etude,Dont - Etudes and Caprices Op. 35
Etude No. 13,Dont,Romantic,,7,,,,,Etude,Dont - Etudes and Caprices Op. 35
Etude No. 14,Dont,Romantic,,7,,,,,Etude,Dont - Etudes and Caprices Op. 35
Etude No. 15,Dont,Romantic,,7,,,,,Etude,Dont - Etudes and Caprices Op. 35
Etude No. 16,Dont,Romantic,,7,,,,,Etude,Dont - Etudes and Caprices Op. 35
Etude No. 17,Dont,Romantic,,7,,,,,Etude,Dont - Etudes and Caprices Op. 35
Etude No. 18,Dont,Romantic,,7,,,,,Etude,Dont - Etudes and Caprices Op. 35
Etude No. 19,Dont,Romantic,,7,,,,,Etude,Dont - Etudes and Caprices Op. 35
Etude No. 20,Dont,Romantic,,7,,,,,Etude,Dont - Etudes and Caprices Op. 35
Etude No. 21,Dont,Romantic,,7,,,,,Etude,Dont - Etudes and Caprices Op. 35
Etude No. 22,Dont,Romantic,,7,,,,,Etude,Dont - Etudes and Caprices Op. 35
Etude No. 23,Dont,Romantic,,7,,,,,Etude,Dont - Etudes and Caprices Op. 35
Etude No. 24,Dont,Romantic,,7,,,,,Etude,Dont - Etudes and Caprices Op. 35
Etude No. 1,Gaviniès,Romantic,,8,,,,,Etude,Gavinées – 24 Matinées
Etude No. 2,Gaviniès,Romantic,,8,,,,,Etude,Gavinées – 24 Matinées
Etude No. 3,Gaviniès,Romantic,,8,,,,,Etude,Gavinées – 24 Matinées
Etude No. 4,Gaviniès,Romantic,,8,,,,,Etude,Gavinées – 24 Matinées
Etude No. 5,Gaviniès,Romantic,,8,,,,,Etude,Gavinées – 24 Matinées
Etude No. 6,Gaviniès,Romantic,,8,,,,,Etude,Gavinées – 24 Matinées
Etude No. 7,Gaviniès,Romantic,,8,,,,,Etude,Gavinées – 24 Matinées
Etude No. 8,Gaviniès,Romantic,,8,,,,,Etude,Gavinées – 24 Matinées
Etude No. 9,Gaviniès,Romantic,,8,,,,,Etude,Gavinées – 24 Matinées
Etude No. 10,Gaviniès,Romantic,,8,,,,,Etude,Gavinées – 24 Matinées
Etude No. 11,Gaviniès,Romantic,,8,,,,,Etude,Gavinées – 24 Matinées
Etude No. 12,Gaviniès,Romantic,,8,,,,,Etude,Gavinées – 24 Matinées
Etude No. 13,Gaviniès,Romantic,,8,,,,,Etude,Gavinées – 24 Matinées
Etude No. 14,Gaviniès,Romantic,,8,,,,,Etude,Gavinées – 24 Matinées
Etude No. 15,Gaviniès,Romantic,,8,,,,,Etude,Gavinées – 24 Matinées
Etude No. 16,Gaviniès,Romantic,,8,,,,,Etude,Gavinées – 24 Matinées
Etude No. 17,Gaviniès,Romantic,,8,,,,,Etude,Gavinées – 24 Matinées
Etude No. 18,Gaviniès,Romantic,,8,,,,,Etude,Gavinées – 24 Matinées
Etude No. 19,Gaviniès,Romantic,,8,,,,,Etude,Gavinées – 24 Matinées
Etude No. 20,Gaviniès,Romantic,,8,,,,,Etude,Gavinées – 24 Matinées
Etude No. 21,Gaviniès,Romantic,,8,,,,,Etude,Gavinées – 24 Matinées
Etude No. 22,Gaviniès,Romantic,,8,,,,,Etude,Gavinées – 24 Matinées
Etude No. 23,Gaviniès,Romantic,,8,,,,,Etude,Gavinées – 24 Matinées
Etude No. 24,Gaviniès,Romantic,,8,,,,,Etude,Gavinées – 24 Matinées
Caprice No. 1,Rode,Romantic,,6,,,,,Etude,Rode – 24 Caprices
Caprice No. 2,Rode,Romantic,,6,,,,,Etude,Rode – 24 Caprices
Caprice No. 3,Rode,Romantic,,6,,,,,Etude,Rode – 24 Caprices
Caprice No. 4,Rode,Romantic,,6,,,,,Etude,Rode – 24 Caprices
Caprice No. 5,Rode,Romantic,,6,,,,,Etude,Rode – 24 Caprices
Caprice No. 6,Rode,Romantic,,6,,,,,Etude,Rode – 24 Caprices
Caprice No. 7,Rode,Romantic,,6,,,,,Etude,Rode – 24 Caprices
Caprice No. 8,Rode,Romantic,,6,,,,,Etude,Rode – 24 Caprices
Caprice No. 9,Rode,Romantic,,6,,,,,Etude,Rode – 24 Caprices
Caprice No. 10,Rode,Romantic,,6,,,,,Etude,Rode – 24 Caprices
Caprice No. 11,Rode,Romantic,,6,,,,,Etude,Rode – 24 Caprices
Caprice No. 12,Rode,Romantic,,6,,,,,Etude,Rode – 24 Caprices
Caprice No. 13,Rode,Romantic,,6,,,,,Etude,Rode – 24 Caprices
Caprice No. 14,Rode,Romantic,,6,,,,,Etude,Rode – 24 Caprices
Caprice No. 15,Rode,Romantic,,6,,,,,Etude,Rode – 24 Caprices
Caprice No. 16,Rode,Romantic,,6,,,,,Etude,Rode – 24 Caprices
Caprice No. 17,Rode,Romantic,,6,,,,,Etude,Rode – 24 Caprices
Caprice No. 18,Rode,Romantic,,6,,,,,Etude,Rode – 24 Caprices
Caprice No. 19,Rode,Romantic,,6,,,,,Etude,Rode – 24 Caprices
Caprice No. 20,Rode,Romantic,,6,,,,,Etude,Rode – 24 Caprices
Caprice No. 21,Rode,Romantic,,6,,,,,Etude,Rode – 24 Caprices
Caprice No. 22,Rode,Romantic,,6,,,,,Etude,Rode – 24 Caprices
Caprice No. 23,Rode,Romantic,,6,,,,,Etude,Rode – 24 Caprices
Caprice No. 24,Rode,Romantic,,6,,,,,Etude,Rode – 24 Caprices
Etude No. 1,Fiorillo,Romantic,,6,,,,,Etude,Fiorillo – 36 Études or Caprices
Etude No. 2,Fiorillo,Romantic,,6,,,,,Etude,Fiorillo – 36 Études or Caprices
Etude No. 3,Fiorillo,Romantic,,6,,,,,Etude,Fiorillo – 36 Études or Caprices
Etude No. 4,Fiorillo,Romantic,,6,,,,,Etude,Fiorillo – 36 Études or Caprices
Etude No. 5,Fiorillo,Romantic,,6,,,,,Etude,Fiorillo – 36 Études or Caprices
Etude No. 6,Fiorillo,Romantic,,6,,,,,Etude,Fiorillo – 36 Études or Caprices
Etude No. 7,Fiorillo,Romantic,,6,,,,,Etude,Fiorillo – 36 Études or Caprices
Etude No. 8,Fiorillo,Romantic,,6,,,,,Etude,Fiorillo – 36 Études or Caprices
Etude No. 9,Fiorillo,Romantic,,6,,,,,Etude,Fiorillo – 36 Études or Caprices
Etude No. 10,Fiorillo,Romantic,,6,,,,,Etude,Fiorillo – 36 Études or Caprices
Etude No. 11,Fiorillo,Romantic,,6,,,,,Etude,Fiorillo – 36 Études or Caprices
Etude No. 12,Fiorillo,Romantic,,6,,,,,Etude,Fiorillo – 36 Études or Caprices
Etude No. 13,Fiorillo,Romantic,,6,,,,,Etude,Fiorillo – 36 Études or Caprices
Etude No. 14,Fiorillo,Romantic,,6,,,,,Etude,Fiorillo – 36 Études or Caprices
Etude No. 15,Fiorillo,Romantic,,6,,,,,Etude,Fiorillo – 36 Études or Caprices
Etude No. 16,Fiorillo,Romantic,,6,,,,,Etude,Fiorillo – 36 Études or Caprices
Etude No. 17,Fiorillo,Romantic,,6,,,,,Etude,Fiorillo – 36 Études or Caprices
Etude No. 18,Fiorillo,Romantic,,6,,,,,Etude,Fiorillo – 36 Études or Caprices
Etude No. 19,Fiorillo,Romantic,,6,,,,,Etude,Fiorillo – 36 Études or Caprices
Etude No. 20,Fiorillo,Romantic,,6,,,,,Etude,Fiorillo – 36 Études or Caprices
Etude No. 21,Fiorillo,Romantic,,6,,,,,Etude,Fiorillo – 36 Études or Caprices
Etude No. 22,Fiorillo,Romantic,,6,,,,,Etude,Fiorillo – 36 Études or Caprices
Etude No. 23,Fiorillo,Romantic,,6,,,,,Etude,Fiorillo – 36 Études or Caprices
Etude No. 24,Fiorillo,Romantic,,6,,,,,Etude,Fiorillo – 36 Études or Caprices
Etude No. 25,Fiorillo,Romantic,,6,,,,,Etude,Fiorillo – 36 Études or Caprices
Etude No. 26,Fiorillo,Romantic,,6,,,,,Etude,Fiorillo – 36 Études or Caprices
Etude No. 27,Fiorillo,Romantic,,6,,,,,Etude,Fiorillo – 36 Études or Caprices
Etude No. 28,Fiorillo,Romantic,,6,,,,,Etude,Fiorillo – 36 Études or Caprices
Etude No. 29,Fiorillo,Romantic,,6,,,,,Etude,Fiorillo – 36 Études or Caprices
Etude No. 30,Fiorillo,Romantic,,6,,,,,Etude,Fiorillo – 36 Études or Caprices
Etude No. 31,Fiorillo,Romantic,,6,,,,,Etude,Fiorillo – 36 Études or Caprices
Etude No. 32,Fiorillo,Romantic,,6,,,,,Etude,Fiorillo – 36 Études or Caprices
Etude No. 33,Fiorillo,Romantic,,6,,,,,Etude,Fiorillo – 36 Études or Caprices
Etude No. 34,Fiorillo,Romantic,,6,,,,,Etude,Fiorillo – 36 Études or Caprices
Etude No. 35,Fiorillo,Romantic,,6,,,,,Etude,Fiorillo – 36 Études or Caprices
Etude No. 36,Fiorillo,Romantic,,6,,,,,Etude,Fiorillo – 36 Études or Caprices
Study No. 1,Wohlfahrt,Romantic,,3,,,,,Etude,Wohlfahrt – 60 Studies Op. 45
Study No. 2,Wohlfahrt,Romantic,,3,,,,,Etude,Wohlfahrt – 60 Studies Op. 45
Study No. 3,Wohlfahrt,Romantic,,3,,,,,Etude,Wohlfahrt – 60 Studies Op. 45
Study No. 4,Wohlfahrt,Romantic,,3,,,,,Etude,Wohlfahrt – 60 Studies Op. 45
Study No. 5,Wohlfahrt,Romantic,,3,,,,,Etude,Wohlfahrt – 60 Studies Op. 45
Study No. 6,Wohlfahrt,Romantic,,3,,,,,Etude,Wohlfahrt – 60 Studies Op. 45
Study No. 7,Wohlfahrt,Romantic,,3,,,,,Etude,Wohlfahrt – 60 Studies Op. 45
Study No. 8,Wohlfahrt,Romantic,,3,,,,,Etude,Wohlfahrt – 60 Studies Op. 45
Study No. 9,Wohlfahrt,Romantic,,3,,,,,Etude,Wohlfahrt – 60 Studies Op. 45
Study No. 10,Wohlfahrt,Romantic,,3,,,,,Etude,Wohlfahrt – 60 Studies Op. 45
Study No. 11,Wohlfahrt,Romantic,,3,,,,,Etude,Wohlfahrt – 60 Studies Op. 45
Study No. 12,Wohlfahrt,Romantic,,3,,,,,Etude,Wohlfahrt – 60 Studies Op. 45
Study No. 13,Wohlfahrt,Romantic,,3,,,,,Etude,Wohlfahrt – 60 Studies Op. 45
Study No. 14,Wohlfahrt,Romantic,,3,,,,,Etude,Wohlfahrt – 60 Studies Op. 45
Study No. 15,Wohlfahrt,Romantic,,3,,,,,Etude,Wohlfahrt – 60 Studies Op. 45
Study No. 16,Wohlfahrt,Romantic,,3,,,,,Etude,Wohlfahrt – 60 Studies Op. 45
Study No. 17,Wohlfahrt,Romantic,,3,,,,,Etude,Wohlfahrt – 60 Studies Op. 45
Study No. 18,Wohlfahrt,Romantic,,3,,,,,Etude,Wohlfahrt – 60 Studies Op. 45
Study No. 19,Wohlfahrt,Romantic,,3,,,,,Etude,Wohlfahrt – 60 Studies Op. 45
Study No. 20,Wohlfahrt,Romantic,,3,,,,,Etude,Wohlfahrt – 60 Studies Op. 45
Study No. 21,Wohlfahrt,Romantic,,3,,,,,Etude,Wohlfahrt – 60 Studies Op. 45
Study No. 22,Wohlfahrt,Romantic,,3,,,,,Etude,Wohlfahrt – 60 Studies Op. 45
Study No. 23,Wohlfahrt,Romantic,,3,,,,,Etude,Wohlfahrt – 60 Studies Op. 45
Study No. 24,Wohlfahrt,Romantic,,3,,,,,Etude,Wohlfahrt – 60 Studies Op. 45
Study No. 25,Wohlfahrt,Romantic,,3,,,,,Etude,Wohlfahrt – 60 Studies Op. 45
Study No. 26,Wohlfahrt,Romantic,,3,,,,,Etude,Wohlfahrt – 60 Studies Op. 45
Study No. 27,Wohlfahrt,Romantic,,3,,,,,Etude,Wohlfahrt – 60 Studies Op. 45
Study No. 28,Wohlfahrt,Romantic,,3,,,,,Etude,Wohlfahrt – 60 Studies Op. 45
Study No. 29,Wohlfahrt,Romantic,,3,,,,,Etude,Wohlfahrt – 60 Studies Op. 45
Study No. 30,Wohlfahrt,Romantic,,3,,,,,Etude,Wohlfahrt – 60 Studies Op. 45
Study No. 31,Wohlfahrt,Romantic,,3,,,,,Etude,Wohlfahrt – 60 Studies Op. 45
Study No. 32,Wohlfahrt,Romantic,,3,,,,,Etude,Wohlfahrt – 60 Studies Op. 45
Study No. 33,Wohlfahrt,Romantic,,3,,,,,Etude,Wohlfahrt – 60 Studies Op. 45
Study No. 34,Wohlfahrt,Romantic,,3,,,,,Etude,Wohlfahrt – 60 Studies Op. 45
Study No. 35,Wohlfahrt,Romantic,,3,,,,,Etude,Wohlfahrt – 60 Studies Op. 45
Study No. 36,Wohlfahrt,Romantic,,3,,,,,Etude,Wohlfahrt – 60 Studies Op. 45
Study No. 37,Wohlfahrt,Romantic,,3,,,,,Etude,Wohlfahrt – 60 Studies Op. 45
Study No. 38,Wohlfahrt,Romantic,,3,,,,,Etude,Wohlfahrt – 60 Studies Op. 45
Study No. 39,Wohlfahrt,Romantic,,3,,,,,Etude,Wohlfahrt – 60 Studies Op. 45
Study No. 40,Wohlfahrt,Romantic,,3,,,,,Etude,Wohlfahrt – 60 Studies Op. 45
Study No. 41,Wohlfahrt,Romantic,,3,,,,,Etude,Wohlfahrt – 60 Studies Op. 45
Study No. 42,Wohlfahrt,Romantic,,3,,,,,Etude,Wohlfahrt – 60 Studies Op. 45
Study No. 43,Wohlfahrt,Romantic,,3,,,,,Etude,Wohlfahrt – 60 Studies Op. 45
Study No. 44,Wohlfahrt,Romantic,,3,,,,,Etude,Wohlfahrt – 60 Studies Op. 45
Study No. 45,Wohlfahrt,Romantic,,3,,,,,Etude,Wohlfahrt – 60 Studies Op. 45
Study No. 46,Wohlfahrt,Romantic,,3,,,,,Etude,Wohlfahrt – 60 Studies Op. 45
Study No. 47,Wohlfahrt,Romantic,,3,,,,,Etude,Wohlfahrt – 60 Studies Op. 45
Study No. 48,Wohlfahrt,Romantic,,3,,,,,Etude,Wohlfahrt – 60 Studies Op. 45
Study No. 49,Wohlfahrt,Romantic,,3,,,,,Etude,Wohlfahrt – 60 Studies Op. 45
Study No. 50,Wohlfahrt,Romantic,,3,,,,,Etude,Wohlfahrt – 60 Studies Op. 45
Study No. 51,Wohlfahrt,Romantic,,3,,,,,Etude,Wohlfahrt – 60 Studies Op. 45
Study No. 52,Wohlfahrt,Romantic,,3,,,,,Etude,Wohlfahrt – 60 Studies Op. 45
Study No. 53,Wohlfahrt,Romantic,,3,,,,,Etude,Wohlfahrt – 60 Studies Op. 45
Study No. 54,Wohlfahrt,Romantic,,3,,,,,Etude,Wohlfahrt – 60 Studies Op. 45
Study No. 55,Wohlfahrt,Romantic,,3,,,,,Etude,Wohlfahrt – 60 Studies Op. 45
Study No. 56,Wohlfahrt,Romantic,,3,,,,,Etude,Wohlfahrt – 60 Studies Op. 45
Study No. 57,Wohlfahrt,Romantic,,3,,,,,Etude,Wohlfahrt – 60 Studies Op. 45
Study No. 58,Wohlfahrt,Romantic,,3,,,,,Etude,Wohlfahrt – 60 Studies Op. 45
Study No. 59,Wohlfahrt,Romantic,,3,,,,,Etude,Wohlfahrt – 60 Studies Op. 45
Study No. 60,Wohlfahrt,Romantic,,3,,,,,Etude,Wohlfahrt – 60 Studies Op. 45
I. Allegro,Barber,20th Century,legato,7,,,,,Concerto,Barber – Violin Concerto
II. Andante,Barber,20th Century,,7,,,,,Concerto,Barber – Violin Concerto
III. Presto in moto perpetuo,Barber,20th Century,spiccato,7,,,,,Concerto,Barber – Violin Concerto
I. Allegro,Vivaldi,Baroque,,6,,,,,Concerto,Vivaldi – Concerto No. 1 in E major “Spring”
II. Largo e pianissimo sempre,Vivaldi,Baroque,,6,,,,,Concerto,Vivaldi – Concerto No. 1 in E major “Spring”
III. Allegro pastorale,Vivaldi,Baroque,,6,,,,,Concerto,Vivaldi – Concerto No. 1 in E major “Spring”
I. Allegro non molto,Vivaldi,Baroque,,6,,,,,Concerto,Vivaldi – Concerto No. 2 in G minor “Summer”
II. Adagio e piano – Presto e forte,Vivaldi,Baroque,,6,,,,,Concerto,Vivaldi – Concerto No. 2 in G minor “Summer”
III. Presto,Vivaldi,Baroque,,6,,,,,Concerto,Vivaldi – Concerto No. 2 in G minor “Summer”
I. Allegro,Vivaldi,Baroque,,6,,,,,Concerto,Vivaldi – Concerto No. 3 in F major “Autumn”
II. Adagio e piano – Presto e forte,Vivaldi,Baroque,,6,,,,,Concerto,Vivaldi – Concerto No. 3 in F major “Autumn”
III. Allegro,Vivaldi,Baroque,,6,,,,,Concerto,Vivaldi – Concerto No. 3 in F major “Autumn”
I. Allegro non molto,Vivaldi,Baroque,,6,,,,,Concerto,Vivaldi – Concerto No. 4 in F minor “Winter”
II. Largo,Vivaldi,Baroque,,6,,,,,Concerto,Vivaldi – Concerto No. 4 in F minor “Winter”
III. Allegro,Vivaldi,Baroque,,6,,,,,Concerto,Vivaldi – Concerto No. 4 in F minor “Winter”
I. Allegro aperto – Adagio – Allegro aperto,Mozart,Classical,,7,,,,,Concerto,Mozart – Violin Concerto No. 5
II. Adagio e piano – Presto e forte,Mozart,Classical,,7,,,,,Concerto,Mozart – Violin Concerto No. 5
III. Rondeau,Mozart,Classical,,7,,,,,Concerto,Mozart – Violin Concerto No. 5
